{"cameraMode":{"drawMode":0,"name":"Shaded","section":"Shading Mode"},"sceneLighting":false,"audioPlay":false,"sceneViewState":{"showFog":true,"showMaterialUpdate":true,"showSkybox":false,"showFlares":true,"showImageEffects":true,"showParticleSystems":true},"in2DMode":false,"pivot":{"x":13.280412673950196,"y":3.869523286819458,"z":28.291759490966798},"rotation":{"x":0.18793624639511109,"y":-0.1786307394504547,"z":0.034783657640218738,"w":0.9651830196380615},"size":0.9935405254364014,"orthographic":false}