{"cameraMode":{"drawMode":0,"name":"Shaded","section":"Shading Mode"},"sceneLighting":false,"audioPlay":false,"sceneViewState":{"showFog":false,"showMaterialUpdate":false,"showSkybox":false,"showFlares":false,"showImageEffects":false,"showParticleSystems":false},"in2DMode":false,"pivot":{"x":233.03713989257813,"y":152.06204223632813,"z":22.71780776977539},"rotation":{"x":-0.03840035945177078,"y":-0.002624612534418702,"z":0.0001241473073605448,"w":-0.9992900490760803},"size":165.94960021972657,"orthographic":false}