{"cameraMode":{"drawMode":0,"name":"Shaded","section":"Shading Mode"},"sceneLighting":false,"audioPlay":false,"sceneViewState":{"showFog":true,"showMaterialUpdate":true,"showSkybox":false,"showFlares":true,"showImageEffects":true,"showParticleSystems":true},"in2DMode":false,"pivot":{"x":14.667156219482422,"y":0.8640525937080383,"z":2.1055779457092287},"rotation":{"x":0.09051866084337235,"y":0.48425379395484927,"z":-0.050444595515728,"w":0.8687862753868103},"size":1.8762407302856446,"orthographic":false}