{"cameraMode":{"drawMode":0,"name":"Shaded","section":"Shading Mode"},"sceneLighting":false,"audioPlay":false,"sceneViewState":{"showFog":true,"showMaterialUpdate":true,"showSkybox":false,"showFlares":true,"showImageEffects":true,"showParticleSystems":true},"in2DMode":false,"pivot":{"x":16.82643699645996,"y":1.9044499397277833,"z":1.1245037317276},"rotation":{"x":0.20972731709480287,"y":-0.13299739360809327,"z":0.0288094449788332,"w":0.9682484865188599},"size":0.4906652569770813,"orthographic":false}