{"cameraMode":{"drawMode":0,"name":"Shaded","section":"Shading Mode"},"sceneLighting":false,"audioPlay":false,"sceneViewState":{"showFog":true,"showMaterialUpdate":true,"showSkybox":false,"showFlares":true,"showImageEffects":true,"showParticleSystems":true},"in2DMode":false,"pivot":{"x":15.862037658691407,"y":0.683374285697937,"z":6.085483074188232},"rotation":{"x":0.12143085151910782,"y":-0.03572900965809822,"z":0.004376919940114021,"w":0.991955578327179},"size":1.4894413948059083,"orthographic":false}