{"cameraMode":{"drawMode":0,"name":"Shaded","section":"Shading Mode"},"sceneLighting":true,"audioPlay":false,"sceneViewState":{"showFog":true,"showMaterialUpdate":true,"showSkybox":true,"showFlares":true,"showImageEffects":true,"showParticleSystems":true},"in2DMode":false,"pivot":{"x":-34.698978424072269,"y":39.51133346557617,"z":-24.598176956176759},"rotation":{"x":0.11789894849061966,"y":-0.7562721967697144,"z":0.1417420357465744,"w":0.6278666257858276},"size":47.689064025878909,"orthographic":false}