{"cameraMode":{"drawMode":0,"name":"Shaded","section":"Shading Mode"},"sceneLighting":false,"audioPlay":false,"sceneViewState":{"showFog":true,"showMaterialUpdate":true,"showSkybox":false,"showFlares":true,"showImageEffects":true,"showParticleSystems":true},"in2DMode":false,"pivot":{"x":-0.2037043571472168,"y":0.0045483848080039028,"z":0.588183581829071},"rotation":{"x":0.1839880496263504,"y":-0.20617742836475373,"z":0.0395176075398922,"w":0.9602599143981934},"size":1.3302130699157715,"orthographic":false}